Feature,Importance
distance,48.13217937308442
hav_dist,43.93150941852544
equipment_Dry Van,2.052392369246383
weight,1.0841216824032736
circuity,0.679032480565991
equipment_Reefer,0.6580058914740824
mid_lat,0.4959713703220666
day,0.4876905463843741
mid_lon,0.461172116717347
delta_lon,0.30641429314616686
dayofweek,0.2993605612927775
delivery_lat,0.2462998443632833
delta_lat,0.24291729043853583
pickup_lon,0.22537775295929893
delivery_lon,0.2237777928924583
bearing,0.22187267575228592
pickup_lat,0.18147110827116636
is_weekend,0.04123478826990363
equipment_Flatbed,0.02919864389075208
